{
    "timestamp": 1638168635101000,
    "T": 0.0,
    "WA": 43.63636363636364,
    "predicted_profile": [
        13.752077102661133,
        13.607368469238281,
        13.576737403869629,
        13.495784759521484,
        13.47665786743164,
        13.426834106445312,
        13.403420448303223,
        13.297958374023438,
        13.266031265258789,
        13.254128456115723,
        13.221271514892578,
        13.194258689880371,
        13.176838874816895,
        13.158910751342773,
        13.135038375854492,
        13.095837593078613,
        13.047672271728516,
        12.994860649108887,
        12.944587707519531,
        12.884480476379395,
        12.820335388183594,
        12.80172061920166,
        12.80616569519043,
        12.752837181091309,
        12.774258613586426,
        12.739848136901855,
        12.720087051391602,
        12.703872680664062,
        12.678081512451172,
        12.591434478759766,
        12.603479385375977,
        12.622669219970703,
        12.554340362548828,
        12.532777786254883,
        12.498764038085938,
        12.459701538085938,
        12.425241470336914,
        12.410303115844727,
        12.410256385803223,
        12.398042678833008,
        12.363142967224121,
        12.364368438720703,
        12.378950119018555,
        12.36691665649414,
        12.378503799438477,
        12.360055923461914,
        12.351964950561523,
        12.339835166931152,
        12.292423248291016,
        12.299552917480469,
        12.292020797729492,
        12.291044235229492,
        12.261441230773926,
        12.265666961669922,
        12.270956993103027,
        12.291831016540527,
        12.244691848754883,
        12.219320297241211,
        12.254524230957031,
        12.223045349121094,
        12.222111701965332,
        12.20767593383789,
        12.203102111816406,
        12.191607475280762,
        12.178147315979004,
        12.15761947631836,
        12.156693458557129,
        12.107197761535645,
        12.126893997192383,
        12.083024024963379,
        12.106492042541504,
        12.07751178741455,
        12.090170860290527,
        12.081707954406738,
        12.056126594543457,
        12.044180870056152,
        12.05894947052002,
        12.083578109741211,
        12.05844497680664
    ]
}