{"timestamp": 1638168539901000, "T": 0.0, "WA": 0, "predicted_profile": [35.36579132080078, 33.232295989990234, 32.77518081665039, 32.55792236328125, 32.2885856628418, 0.0, 31.898176193237305, 31.730077743530273, 31.647567749023438, 31.603862762451172, 31.52950668334961, 31.505786895751953, 31.244050979614258, 31.266382217407227, 31.04598617553711, 31.05776596069336, 30.983797073364258, 30.845874786376953, 30.883764266967773, 30.76717185974121, 30.506378173828125, 30.558012008666992, 30.580078125, 30.485523223876953, 30.522052764892578, 30.464502334594727, 30.32854652404785, 30.308347702026367, 30.30568504333496, 30.25818634033203, 30.0826416015625, 30.045625686645508, 30.050657272338867, 30.02741813659668, 29.941131591796875, 29.829113006591797, 29.732433319091797, 29.654640197753906, 29.701833724975586, 29.787290573120117, 29.746536254882812, 29.56914520263672, 29.57798957824707, 29.585201263427734, 29.582860946655273, 29.638704299926758, 29.530412673950195, 29.570589065551758, 29.53694725036621, 29.44330406188965, 29.420612335205078, 29.316871643066406, 29.33479118347168, 29.34498405456543, 29.35498809814453, 29.33421516418457, 29.281156539916992, 29.263477325439453, 29.232717514038086, 29.24365234375, 29.18027114868164, 29.212562561035156, 29.176517486572266, 29.180320739746094, 29.119192123413086, 28.963581085205078, 29.019887924194336, 28.896045684814453, 28.968761444091797, 28.947465896606445, 28.91404151916504, 28.859020233154297, 28.798128128051758, 28.612022399902344, 28.624094009399414, 28.580699920654297, 28.605628967285156, 28.59124755859375, 28.663705825805664]}