{"timestamp": 1638172235531000, "T": 4.666666666666667, "WA": 0, "predicted_profile": [30.084474563598633, 29.613554000854492, 29.35369110107422, 29.399070739746094, 29.168855667114258, 29.04315948486328, 28.9066219329834, 28.916240692138672, 28.762569427490234, 28.763134002685547, 28.723731994628906, 28.7360782623291, 28.485843658447266, 28.491748809814453, 28.4021053314209, 28.407833099365234, 28.397052764892578, 28.295940399169922, 28.351043701171875, 28.241405487060547, 28.07040786743164, 28.07711410522461, 28.083843231201172, 28.0670223236084, 28.095542907714844, 28.028146743774414, 27.98561668395996, 27.829715728759766, 27.837993621826172, 27.817787170410156, 27.68765640258789, 27.68968391418457, 27.691511154174805, 27.68077850341797, 27.530168533325195, 27.52546501159668, 27.374860763549805, 27.26994514465332, 27.26935577392578, 27.42058563232422, 27.423397064208984, 27.341819763183594, 27.347076416015625, 27.338451385498047, 27.341289520263672, 27.33803939819336, 27.332706451416016, 27.330663681030273, 27.285024642944336, 27.107776641845703, 27.041166305541992, 27.006141662597656, 27.008167266845703, 27.00825309753418, 27.014745712280273, 26.985733032226562, 26.87067985534668, 26.87571907043457, 26.8760929107666, 26.820423126220703, 26.812355041503906, 26.815135955810547, 26.812969207763672, 26.768295288085938, 26.732139587402344, 26.61212921142578, 26.6119441986084, 26.49185562133789, 26.54998016357422, 26.571819305419922, 26.54991340637207, 26.454069137573242, 26.313846588134766, 26.182783126831055, 26.220870971679688, 26.220630645751953, 26.264936447143555, 26.202314376831055, 26.244401931762695]}