{"timestamp": 1638172210889000, "T": 7.666666666666667, "WA": 6.262626262626263, "predicted_profile": [22.9515438079834, 21.88849449157715, 21.63551902770996, 21.379329681396484, 21.269176483154297, 21.131710052490234, 21.04977798461914, 20.857707977294922, 20.82684898376465, 20.80279541015625, 20.72356605529785, 20.66282081604004, 20.60500717163086, 20.584651947021484, 20.44074058532715, 20.405548095703125, 20.33565330505371, 20.240657806396484, 20.221637725830078, 20.1494083404541, 20.036848068237305, 20.024744033813477, 20.027250289916992, 19.97494125366211, 19.95519256591797, 19.9525089263916, 19.881818771362305, 19.82561492919922, 19.797042846679688, 19.730134963989258, 19.654451370239258, 19.646909713745117, 19.622840881347656, 19.596336364746094, 19.534738540649414, 19.465904235839844, 19.449222564697266, 19.39295768737793, 19.393695831298828, 19.3592529296875, 19.3466796875, 19.3035831451416, 19.3023738861084, 19.30819320678711, 19.29300880432129, 19.30718231201172, 19.268348693847656, 19.285762786865234, 19.262147903442383, 19.20356559753418, 19.19830894470215, 19.165882110595703, 19.16375732421875, 19.16752052307129, 19.15614128112793, 19.160709381103516, 19.137229919433594, 19.14517593383789, 19.140384674072266, 19.118207931518555, 19.084047317504883, 19.07706642150879, 19.072969436645508, 19.06634521484375, 19.020267486572266, 18.96276092529297, 18.96146583557129, 18.906129837036133, 18.9149227142334, 18.865705490112305, 18.87679100036621, 18.836692810058594, 18.83186149597168, 18.771072387695312, 18.74067497253418, 18.736289978027344, 18.74570083618164, 18.74317741394043, 18.7551326751709]}