{"timestamp": 1638171304909000, "T": 0.0, "WA": 5.252525252525253, "predicted_profile": [21.831693649291992, 20.39064598083496, 20.064298629760742, 19.798479080200195, 19.684375762939453, 19.537988662719727, 19.444284439086914, 19.293657302856445, 19.266986846923828, 19.26076316833496, 19.18558120727539, 19.13301658630371, 19.011587142944336, 19.006925582885742, 18.89724349975586, 18.881813049316406, 18.835060119628906, 18.72536849975586, 18.721776962280273, 18.684072494506836, 18.574691772460938, 18.567380905151367, 18.584028244018555, 18.54105567932129, 18.5545711517334, 18.53338623046875, 18.430601119995117, 18.406269073486328, 18.388242721557617, 18.36067771911621, 18.235158920288086, 18.219327926635742, 18.24518394470215, 18.21393394470215, 18.19879150390625, 18.134090423583984, 18.111011505126953, 18.025850296020508, 18.00836753845215, 18.034589767456055, 18.030994415283203, 17.939533233642578, 17.94872283935547, 17.92742347717285, 17.930282592773438, 17.947168350219727, 17.917261123657227, 17.930322647094727, 17.935028076171875, 17.869340896606445, 17.839336395263672, 17.821496963500977, 17.830612182617188, 17.83306312561035, 17.808761596679688, 17.821338653564453, 17.774003982543945, 17.77107048034668, 17.777841567993164, 17.770572662353516, 17.719648361206055, 17.715770721435547, 17.712160110473633, 17.73016357421875, 17.701412200927734, 17.63916778564453, 17.62832260131836, 17.58726692199707, 17.618501663208008, 17.574525833129883, 17.586721420288086, 17.54011344909668, 17.568599700927734, 17.460063934326172, 17.41608428955078, 17.432146072387695, 17.392881393432617, 17.420055389404297, 17.422449111938477]}