{
    "timestamp": 1637970614736000,
    "T": 0.0,
    "WA": 8.282828282828284,
    "predicted_profile": [
        19.7421875,
        18.348480224609375,
        18.11724281311035,
        17.87656021118164,
        17.752431869506836,
        17.58197021484375,
        17.49663734436035,
        17.353525161743164,
        17.336999893188477,
        17.31368064880371,
        17.257848739624023,
        17.20798683166504,
        17.075529098510742,
        17.078872680664062,
        16.949934005737305,
        16.934907913208008,
        16.915752410888672,
        16.826709747314453,
        16.804317474365234,
        16.78337860107422,
        16.624670028686523,
        16.621131896972656,
        16.628032684326172,
        16.607952117919922,
        16.596092224121094,
        16.588865280151367,
        16.517650604248047,
        16.476898193359375,
        16.481142044067383,
        16.42967987060547,
        16.314346313476562,
        16.318471908569336,
        16.31866455078125,
        16.282835006713867,
        16.248886108398438,
        16.208675384521484,
        16.183332443237305,
        16.15459442138672,
        16.15127182006836,
        16.131790161132812,
        16.11598014831543,
        16.059343338012695,
        16.06988525390625,
        16.06073570251465,
        16.05591583251953,
        16.04787254333496,
        16.035715103149414,
        16.03479766845703,
        16.035762786865234,
        16.02998924255371,
        16.018817901611328,
        15.993654251098633,
        16.002017974853516,
        16.00160789489746,
        15.969273567199707,
        15.976430892944336,
        15.949485778808594,
        15.939973831176758,
        15.937276840209961,
        15.92926025390625,
        15.896162986755371,
        15.899801254272461,
        15.891715049743652,
        15.893957138061523,
        15.833321571350098,
        15.823593139648438,
        15.816939353942871,
        15.768117904663086,
        15.76871109008789,
        15.790060997009277,
        15.793251037597656,
        15.742606163024902,
        15.732769012451172,
        15.632575035095215,
        15.609400749206543,
        15.589544296264648,
        15.56994915008545,
        15.61611270904541,
        15.617008209228516
    ]
}