{"timestamp": 1638170769963000, "T": 0.0, "WA": 9.292929292929294, "predicted_profile": [18.70030975341797, 18.46118927001953, 18.567808151245117, 18.40814971923828, 18.355388641357422, 18.285247802734375, 18.239667892456055, 18.10328483581543, 18.055072784423828, 18.04595375061035, 18.007322311401367, 17.978849411010742, 17.9447021484375, 17.92662811279297, 17.84952735900879, 17.838571548461914, 17.765666961669922, 17.6910457611084, 17.63331413269043, 17.528100967407227, 17.46257209777832, 17.44581413269043, 17.442716598510742, 17.380468368530273, 17.373249053955078, 17.35545539855957, 17.333410263061523, 17.28564453125, 17.247962951660156, 17.21343994140625, 17.152917861938477, 17.13671112060547, 17.09387969970703, 17.060625076293945, 17.02901268005371, 16.980005264282227, 16.934362411499023, 16.914710998535156, 16.925064086914062, 16.948551177978516, 16.915496826171875, 16.876930236816406, 16.88216781616211, 16.88031005859375, 16.881942749023438, 16.884492874145508, 16.862510681152344, 16.84966468811035, 16.80508041381836, 16.787649154663086, 16.78166961669922, 16.75865936279297, 16.75888442993164, 16.755773544311523, 16.729339599609375, 16.732446670532227, 16.720462799072266, 16.693071365356445, 16.69779396057129, 16.68026351928711, 16.673723220825195, 16.637298583984375, 16.643760681152344, 16.62994384765625, 16.609331130981445, 16.566640853881836, 16.572269439697266, 16.52433967590332, 16.511985778808594, 16.497955322265625, 16.489660263061523, 16.475008010864258, 16.468252182006836, 16.45960807800293, 16.424924850463867, 16.43590545654297, 16.441864013671875, 16.432533264160156, 16.4418888092041]}