{"timestamp": 1625946424.293574, "T": 166, "WA": 2.0202020202020203}